Name,Precaution,Passport Validity,Passport pages,Tourist visa,Vaccionations,Currency entry,Currency Exit
United Kingdom,Level 2: Exercise Increased Caution,Must be valid for the duration of your stay in the United Kingdom (At least six months remaining validity is required for onward travel to many other countries),1 page,Not required for stays under 90 days,None,None,None
United Kingdom,Level 2: Exercise Increased Caution,Must be valid for the duration of your stay in the United Kingdom (At least six months remaining validity is required for onward travel to many other countries),1 page,Not required for stays under 90 days,None,None,None
United Kingdom,Level 2: Exercise Increased Caution,Must be valid for the duration of your stay in the United Kingdom (At least six months remaining validity is required for onward travel to many other countries),1 page,Not required for stays under 90 days,None,None,None
"Israel, the West Bank and Gaza",Level 2: Exercise Increased Caution,"No minimum requirement, but your authorized stay will not exceed the validity remaining of your passport and airlines may decline boarding if a traveler has less than six months validity on his or her passport",1 page (although passports are normally not stamped upon entry),"Not required for stays of 90 days or less. Please see below for detailed information about entry, exit and visa requirements",None,"You must declare if you are carrying 50,000 shekels or more when entering or exiting Israel by air and 12,000 shekels if entering or exiting by land","You must declare if you are carrying 50,000 shekels or more when entering or exiting Israel by air and 12,000 shekels if entering or exiting by land"
French West Indies,Level 1: Exercise Normal Precautions,Must have six months validity at entry,1 page required for entry stamp,Not required for stays under 90 days,None,"€10,000 maximum or USD equivalent","€10,000 maximum or USD equivalent"
Eswatini,Level 1: Exercise Normal Precautions,Six months,2 pages per entry,"No, if staying 30 days or less","Yellow fever, if entering from a yellow fever country",None,None
Macedonia,Level 1: Exercise Normal Precautions,Six months beyond your planned stay recommended,One page required for entry stamp,Not for stays less than 90 days within a six month period,None,"10,000 Euros or equivalent must be declared","10,000 Euros or equivalent must be declared"
Aruba,Level 1: Exercise Normal Precautions,Must be valid at time of entry and for duration of stay,One page required for entry stamp,None,Yellow fever required if arriving from select countries,None,None
Afghanistan,Level 4: Do Not Travel,Must be valid for six months at time of entry,One page required for entry stamp,Yes,Polio vaccination up to 1 year before travel is recommended. See the U.S. Centers for Disease Control and Prevention Fact Sheet,"$20,000","$20,000"
Angola,Level 1: Exercise Normal Precautions,6 months from date of entry,2 blank pages,Yes,Yellow fever,"Declare amounts over $10,000","50,000 kwanzas + $10,000 (See currency regulations below)"
Anguilla,Level 1: Exercise Normal Precautions,Must be valid at time of entry,1 page required for entry stamp,"Not required if you have an onward or return ticket, confirmation of accommodation, and can produce evidence of your ability to maintain yourself",None,None,None
Albania,Level 1: Exercise Normal Precautions,Three months,One page required for entry stamp,"Not required for stays under one year. If you intend to stay more than a year in Albania, you will need to apply for a residency permit",Required. One must bring evidence of vaccination if arriving from countries as listed by www.who.int,"1,000,000 lekë (approximately $9,500 USD at time of publication, though the rate can fluxuate) or equivalent","1,000,000 lekë (approximately $9,500 USD at time of publication, though the rate can fluxuate) or equivalent. For more information you can visit Albanian Customs website."
Andorra,Level 1: Exercise Normal Precautions,"6 months recommended before entry into Andorra, although only 3 months are required.",Entry stamp available upon request.,"None required for stays less than 90 days in Spain, France, or Andorra.",None,None,None
United Arab Emirates,Level 1: Exercise Normal Precautions,6 months validity after date of arrival,One page required for entry stamp,Not required for tourist stays under 30 days,None,None,None
Argentina,Level 1: Exercise Normal Precautions,Must be valid at time of entry,One page required for entry stamp,Not required for stays of 90 days or less,None,None,"Up to US$10,000 or equivalent undeclared for those over age 16; up to US$5,000 or equivalent undeclared for those under 16"
Armenia,Level 1: Exercise Normal Precautions,Must be valid at time of entry and departure,No requirement,None for U.S. Citizens staying for less than 180 days per year,None,"$10,000 USD","$10,000 USD"
Antarctica,Level 2: Exercise Increased Caution,Required by transit countries,May be required by transit countries.,None for Antarctica. May be required by transit countries.,None,None,None
Antigua and Barbuda,Level 1: Exercise Normal Precautions,180 days following your departure date,1 page required for entry stamp,"No, but see entry-exit requirements below",None,None,None
Australia,Level 1: Exercise Normal Precautions,Must be valid at time of entry,One page required for entry stamp,Yes – visa or Electronic Travel Authority (ETA),None,"Amounts over AUD 10,000, or equivalent, must be declared","Amounts over AUD 10,000, or equivalent, must be declared"
Austria,Level 1: Exercise Normal Precautions,6 months beyond planned date of departure from from the Schengen area,One page required for entry stamp,: Not required for stays under 90 days within each 180 day period,None,"10,000 Euro maximum","10,000 Euro maximum"
Azerbaijan,Level 2: Exercise Increased Caution,Six months,One page per stamp,Yes,None,Travelers may bring in any amount of foreign currency as long as they declare it upon arrival,"Travelers may depart Azerbaijan with up to $10,000 USD in cash. Travelers may depart with up to $50,000 USD or equivalent provided that they declared the cash amount in writing upon arrival. For more information on currency operations, please visit the official website of the Central Bank of the Republic of Azerbaijan"
Burundi,Level 3: Reconsider Travel,N/A,N/A,N/A,N/A,N/A,N/A
Belgium,Level 2: Exercise Increased Caution,Must be valid for at least three months beyond your planned date of departure from the Schengen area. The 12-page U.S. emergency passport is not valid for visa-free entry into Belgium.,2 pages minimum,Not required for stays under 90 days,None,"10,000 Euros or equivalent","10,000 Euros or equivalent"
Benin,Level 1: Exercise Normal Precautions,Must be valid at time of entry,One page required for entry stamp,Yes,Yellow fever vaccine required,None,None
"Bonaire, Sint Eustatius and Saba",Level 1: Exercise Normal Precautions,Must be valid for period of stay.,One page required for entry stamp,None required for visits up to 180 days,None,None,None
Burkina Faso,Level 3: Reconsider Travel,Must be valid at time of entry,One blank page required for entry stamp,Yes,Yellow fever,None,None
Bangladesh,Level 2: Exercise Increased Caution,Six months beyond planned stay.,One.,"Yes. Although U.S. citizens are eligible to apply for a tourist visa on arrival, there is no guarantee they will receive one. Some U.S. citizens have been denied entry into Bangladesh despite believing they had fulfilled the requirements for a visa on arrival.","Hepatitis A and Typhoid vaccinations required; Hepatitis B, Japanese Encephalitis, and Rabies vaccinations recommended.  There is no risk of Yellow Fever in Bangladesh; however, proof of Yellow Fever vaccination is required if you are traveling from a country with a risk of Yellow Fever and are older than one year of age.","You must declare 5,000 U.S. dollars and above.","You cannot depart with more USD than you declared upon entry. You cannot take more than 5,000 Bangladeshi taka out of Bangladesh."
Bulgaria,Level 1: Exercise Normal Precautions,Three months beyond departure date from Bulgaria.,One blank page for entry/exit stamps.,No for stays under 90 days.,None.,"10,000 Euros or equivalent.","10,000 Euros or equivalent."
Bahrain,Level 1: Exercise Normal Precautions,6 months,1 page per entry stamp,Yes,None,"$10,000",
Bahamas,Level 2: Exercise Increased Caution,Must be valid at time of entry,Two pages are required for entry stamp,No,None,,
Bosnia and Herzegovina,Level 2: Exercise Increased Caution,Three months past your planned date of departure,One page required for entry stamp,Not required for stays under three months,None,"Amounts exceeding 10,000 Euros or equivalent must be declared on arrival","Amounts exceeding 10,000 Euros or equivalent require a bank certificate that the amount has been taken out from currency savings or bought from an authorized bank"
Belarus,Level 1: Exercise Normal Precautions,,,,None,"USD $10,000","USD $10,000"
Belize,Level 2: Exercise Increased Caution,Length of stay,One page per stamp,Not required for stays of 30 days or less,None,"$5,000","$5,000"
Bermuda,Level 1: Exercise Normal Precautions,Must be valid at time of entry,One page required for entry stamp,No,None,None,None
Bolivia,Level 1: Exercise Normal Precautions,Six months (as of entry date into the country),One page per stamp,Yes,Yellow Fever,"$10,000","$10,000"
Brazil,Level 2: Exercise Increased Caution,Must be valid on the date of entry,One page required for entry stamp,Yes,"None required, but see Health section","More than 10,000 BR must be declared to Customs","More than 10,000 BR must be declared to Customs"
Barbados,Level 1: Exercise Normal Precautions,Must be valid at time of entry,1 page required for entry stamp,Not required for stays under 6 months,None,None,None
Bhutan,Level 1: Exercise Normal Precautions,Six months from date of arrival,One page required for entry stamp,Yes,Suggested,"USD 10,000","USD 10,000"
Botswana,Level 1: Exercise Normal Precautions,6 months,Three or more unused pages; one blank page per entry,No,"Yes, if entering from yellow fever endemic countries",None,None
Central African Republic,Level 4: Do Not Travel,6 months,One page required for entry stamp,"No, but may still be required by airline.","Required, including for Yellow Fever.",All currency must be declared upon entry,None
Canada,Level 1: Exercise Normal Precautions,"Valid at time of entry. If you are transiting Canada en route to Europe, your passport must be valid for at least 3 months beyond your planned date of departure from the Schengen area.",One page required,Not required for stays under 180 days,None,None,None
Switzerland,Level 1: Exercise Normal Precautions,At least six months beyond your planned date of departure from the Schengen area,1 page,Not required for stays of less than 90 days,No legal requirement,"No restrictions; officers may question over 10,000 Swiss Francs (CHF)","No restrictions; officers may question over 10,000 Swiss Francs (CHF)"
Chile,Level 1: Exercise Normal Precautions,For the duration of stay,One page required for entry stamp,Not required for stays of 90 days or less (tourist passports only),None,None,None
China,Level 2: Exercise Increased Caution,Six months,Two pages,Yes,None,"Max RMB 20,000","Max RMB 20,000"
Côte d'Ivoire,Level 2: Exercise Increased Caution,6 months validity upon entry,1 page,Yes,Yellow fever required,None,"May not leave with more than $1,000"
Republic of the Congo,Level 2: Exercise Increased Caution,6 months,1 page,"Yes, obtain in advance",Yellow fever,"Not to exceed 5 million CFA ($10,000)",Declare CFA over 1 million
Colombia,Level 2: Exercise Increased Caution,Must be valid at time of entry.,One page required for entry stamp.,Not required for stays 90 days or less.,"Yellow fever vaccine, documented on the WHO International Certificate of Vaccination, is required for travelers coming from Brazil, Angola, Democratic Republic of Congo, and Uganda. The vaccine must have been administered at least 10 days before arrival in Colombia.","10,000 USD maximum.","10,000 USD maximum."
Comoros,Level 3: Reconsider Travel,Must be valid at time of entry,1page,"Yes, available upon arrival",None,No,No
Cabo Verde,Level 1: Exercise Normal Precautions,Must be valid at time of entry,One page required for entry stamp,Yes,None,None,Certificates from Bank of Cabo Verde required to depart with more than 1 million Cabo Verdean escudos
Costa Rica,Level 1: Exercise Normal Precautions,Length of stay,1 page per entry stamp,"Not required for stays less than 90 days, but return ticket required","Yellow fever, if arriving from certain countries in South America or Africa","10,000 USD","10,000 USD"
Cuba,Level 2: Exercise Increased Caution,Must be valid at time of entry,Two pages are required for entry/exit stamps,"Tourist travel to Cuba remains prohibited. You must obtain a license from the Department of Treasury or your travel must fall into one of 12 categories of authorized travel. See ENTRY, EXIT & VISA REQUIREMENTS below.",None required. See CDC for recommendations,"U.S. credit and debit cards generally do not work in Cuba. Bring cash to cover your stay. The Cuban government requires that travelers declare cash amounts over 5,000 USD. Travelers should note that the Government of Cuba charges a 10 percent fee for all U.S. dollar cash conversions; this does not apply to electronic transactions or cash conversions in other currencies.","The export of Cuban convertible pesos (CUC) is strictly prohibited, regardless of the amount. When departing Cuba, U.S. travelers are advised to exchange Cuban convertible pesos (CUC) back to US Dollars well before reaching airport security checkpoints to avoid potential confiscation of the CUC. For other currencies, travelers may export up to the equivalent of 5,000 USD. Anyone wishing to export more than this amount must demonstrate evidence that the currency was acquired legitimately from a Cuban bank."
Curaçao,Level 1: Exercise Normal Precautions,Must be valid for duration of trip. More information on entry requirements here,One page required for entry stamp,None,Only if arriving from a country with yellow fever risk.,None,None
Cayman Islands,Level 1: Exercise Normal Precautions,Must be valid at the time of entry and exit,One page required for entry stamp,None required,None required,None,None
Cyprus,Level 1: Exercise Normal Precautions,Six months remaining validity recommended,Two pages for entry stamp,Not required for stays under 90 days,None,None,None
Czech Republic,Level 1: Exercise Normal Precautions,"Six months recommended, Three months beyond departure date from the Schengen area.",2 pages required.,Not required for stays less than 90 days.,None.,"€10,000+ euros or equivalent must be declared.","€10,000+ euros or equivalent must be declared."
Germany,Level 2: Exercise Increased Caution,Six months beyond planned date of departure from the Schengen area,Two pages,Not required for stays under 90 days.,None,"€10,000 euros or equivalent","€10,000 euros or equivalent"
Djibouti,Level 1: Exercise Normal Precautions,6 months,2 pages,Yes,Yellow fever,None,None
Dominica,Level 1: Exercise Normal Precautions,Must be valid at time of entry,1 page required for entry stamp,Not required for stays under 6 months,None,None,None
Denmark,Level 2: Exercise Increased Caution,Six months is recommended,Two pages per stamp,Not required for stays under 90 days,None,"10,000 Euros (or equivalent)","10,000 Euros (or equivalent)"
Dominican Republic,Level 2: Exercise Increased Caution,Must be valid at time of entry,1 page required for entry stamp,Not required for visits shorter than 30 days,None required if arriving from the United States,None,"$10,000 and over or its equivalent must be declared"
Algeria,Level 2: Exercise Increased Caution,Minimum of six months remaining on entry,One page required for entry stamp,"Yes, unless entering via cruise ship",None required,Travelers must declare at Customs if they are traveling with more than 3000 Algerian dinar or foreign currency that exceeds 1000 euros (or equivalent),Algerian dinars cannot be taken out of the country
Ecuador,Level 2: Exercise Increased Caution,6 months.,1 page per stamp.,"No, for stays less than 90 days in any 12-month period.",None.,None.,There is a 5 percent tax on currency taken out of Ecuador above $1098.00. See the Ecuadorian Revenue Service website.
Egypt,Level 2: Exercise Increased Caution,Must have six months validity,At least one blank page,Yes,None,"Less than $10,000","Less than $10,000"
Eritrea,Level 2: Exercise Increased Caution,6 months,2 pages,Yes,Yellow Fever,"Declare amounts over $10,000 USD","Declare amounts over $10,000 USD, Maximum allowed 1000 Nakfa"
Spain,Level 2: Exercise Increased Caution,"6 months recommended, 3 months beyond your date of departure is required",1 page per stamp,Not required for stays less than 90 days,None,None,None
Estonia,Level 1: Exercise Normal Precautions,Should be valid for at least six months beyond your stay,One page per entry stamp,None,None,None,None
Ethiopia,Level 2: Exercise Increased Caution,6 months,1 page,Yes,Yellow fever,"1,000 ETB and $3,000","1,000 ETB (4,000 ETB if travelling to Djibouti) and $3,000"
Finland,Level 1: Exercise Normal Precautions,Six months recommended,Two pages per stamp,None required,None,"10,000 Euros (or equivalent)","10,000 Euros (or equivalent)"
Fiji,Level 1: Exercise Normal Precautions,At least six months after your scheduled departure from Fiji,One page required for entry stamp,Not required for stays of fewer than four months,None,"Currency over F$10,000 or the U.S. dollar equivalent must be declared","Currency over F$10,000 or the U.S. dollar equivalent"
France,Level 2: Exercise Increased Caution,Must be valid for at least three months beyond your planned date of departure from the Schengen area. The 12-page U.S. emergency passport is not valid for visa-free entry into France.,Must have at least one blank page for stamps,Not required for stays under 90 days,None,"10,000 Euros Max","10,000 Euros Max"
Micronesia,Level 1: Exercise Normal Precautions,Six months,No requirement,Not required,"A valid international certificate of vaccination is required for travelers coming from a region infected with small pox, yellow fever, or cholera","You must declare amounts equivalent to $10,000 or above.",None
Gabon,Level 1: Exercise Normal Precautions,6 months,1 page per stamp,Yes,Yellow Fever,None,None
United Kingdom,Level 2: Exercise Increased Caution,Must be valid for the duration of your stay in the United Kingdom (At least six months remaining validity is required for onward travel to many other countries),1 page,Not required for stays under 90 days,None,None,None
Georgia,Level 1: Exercise Normal Precautions,N/A,N/A,N/A,N/A,N/A,N/A
Ghana,Level 1: Exercise Normal Precautions,6 months validity,One page for stamp,Yes,Yellow fever,"Maximum of $5,000 USD","Maximum of $5,000 USD"
Guinea,Level 2: Exercise Increased Caution,6 months validity,One page for entry stamp,Yes,Yellow fever,None,"No more than 100,000 FG or $5,000 USD"
The Gambia,Level 1: Exercise Normal Precautions,Valid for duration of stay,1 page,Yes,Yellow fever,None,None
Guinea-Bissau,Level 3: Reconsider Travel,Valid at time of Entry,1 page per stamp,Yes,Yellow Fever,None,None
Equatorial Guinea,Level 1: Exercise Normal Precautions,6 months,1 page,Not required for stays of less than 90 days,Proof of vaccination for yellow fever and polio required. A polio booster dose is required for those who have completed the normal series of the polio vaccine.,None,None
Greece,Level 1: Exercise Normal Precautions,Six months of remaining validity recommended,One page per stamp,Not required for stays less than 90 days; visa required for all official and diplomatic passport holders,None,"10,000 euros or the equivalent","10,000 euros or the equivalent"
Grenada,Level 1: Exercise Normal Precautions,6 months beyond the date of entry.,1 page required for entry stamp,"No, but see entry-exit requirements below","None, unless arriving from regions with endemic Yellow Fever",None,None
Guatemala,Level 2: Exercise Increased Caution,6 months beyond date of entry,One page per stamp,Not required for stays of 90 days or less,None,"$10,000","$10,000"
French Guiana,Level 1: Exercise Normal Precautions,Three months,One page per stamp,,Yellow fever,,
Guyana,Level 2: Exercise Increased Caution,Six Months,One page for entry stamp,No,Suggested,None,None
Hong Kong,Level 1: Exercise Normal Precautions,One month beyond the date of your intended stay,One page required for entry stamp,Not required for stays under 90 days,None,None,None
Honduras,Level 3: Reconsider Travel,Passport must have six months validity.,One page required for entry stamp.,No for stays of up to 90 days.,Required: Honduras currently requires travelers arriving from Panama and every nation in South America to present proof of yellow fever vaccine.,"Travelers must declare any amount over $10,000.","Travelers must declare any amount over $10,000."
Croatia,Level 1: Exercise Normal Precautions,Three months after the planned date of departure,One page is required for an entry stamp,No,None,"Up to 10,000 euros","Up to 10,000 euros"
Haiti,Level 4: Do Not Travel,6months,1 page per stamp,"Yes, for stays over 90 days",None,None,None
Hungary,Level 1: Exercise Normal Precautions,Six months validity recommended; three months validity beyond planned departure date from the Schengen area required.,1 page per stamp,Not required for stays under 90 days,None,"Amounts over 10,000 Euros or equivalent to declare at customs","Amounts over 10,000 Euros or equivalent to declare at customs"
Indonesia,Level 2: Exercise Increased Caution,6 months beyond date of arrival,Two,No (for tourist travel under 30 days),Suggested,"100,000,000 Indonesian rupiah (approx. $7,500 USD)","100,000,000 Indonesian rupiah (approx. $7,500 USD)"
India,Level 2: Exercise Increased Caution,Must be valid for six months beyond date of visa application to obtain a visa,Two pages required,Yes,Required for yellow fever if the traveler is arriving from an infected area; others are suggested,The possession of satellite phones is prohibited in India,Check local law for reporting requirements for exiting with large quantities of foreign currency and Indian rupees
Ireland,Level 1: Exercise Normal Precautions,Must be valid for the duration of your stay in Ireland,Must have at least one page,No,None,"10,000 Euros or equivalent","10,000 Euros or equivalent"
Iran,Level 4: Do Not Travel,6 months,One page required for entry stamp,"Yes, except for Kish Island",None,"Over $10,000 must be declared","Over $10,000 must be declared"
Iraq,Level 4: Do Not Travel,Minimum of six months remaining on entry,One page required for entry stamp,Yes,None required. Vaccinations recommended by the U.S. Centers for Disease Control and Prevention,None,"No more than $10,000 USD"
Iceland,Level 1: Exercise Normal Precautions,,,,,,
"Israel, the West Bank and Gaza",Level 2: Exercise Increased Caution,"No minimum requirement, but your authorized stay will not exceed the validity remaining of your passport and airlines may decline boarding if a traveler has less than six months validity on his or her passport",1 page (although passports are normally not stamped upon entry),"Not required for stays of 90 days or less. Please see below for detailed information about entry, exit and visa requirements",None,"You must declare if you are carrying 50,000 shekels or more when entering or exiting Israel by air and 12,000 shekels if entering or exiting by land","You must declare if you are carrying 50,000 shekels or more when entering or exiting Israel by air and 12,000 shekels if entering or exiting by land"
Italy,Level 2: Exercise Increased Caution,Must have at least six months validity remaining beyond your planned date of departure from the Schengen area.,Two pages required for entry stamp,Not required for stays under 90 days,None,"10,000 Euros or equivalent","10,000 Euros or equivalent"
Jamaica,Level 2: Exercise Increased Caution,Must be valid at the time of entry and exit,One page required,Only for a stay over 90 days,Yellow fever vaccine required if traveling from a country with yellow fever risk,"US $10,000",None
Jordan,Level 2: Exercise Increased Caution,Six months,One page required for entry stamp,Yes. Jordan issues single-entry visas to U.S. citizens upon arrival at Queen Alia International Airport and most international land border crossings,None,"Declaration required if greater than JOD10,000 or the equivalent in other currencies",None
Japan,Level 1: Exercise Normal Precautions,Duration of intended period of stay,One page required for entry stamp,Not required for stays of less than 90 days,None,"Amounts equivalent to ¥1,000,000 or above subject to declaration","Amounts equivalent to ¥1,000,000 or above subject to declaration"
Kenya,Level 2: Exercise Increased Caution,6months,2pages,Yes,Yellow Fever,None,"100,000 Kenyan Shillings"
Kyrgyzstan,Level 1: Exercise Normal Precautions,Six Months from date of entry,One full page,"Yes, for stays longer than 60 days",None required,"Up to the equivalent of 3,000 USD.","Up to the equivalent of 3,000 USD."
Cambodia,Level 1: Exercise Normal Precautions,Six months.,One page is required for entry stamp.,Yes.,None.,"The import of local currency (Riel) is prohibited. When entering Cambodia, foreign currency amounts over US $10,000 must be declared.",The export of local currency (Riel) is prohibited. Foreign currency can be taken out of the country up to the limit declared at customs on arrival.
Kiribati,Level 1: Exercise Normal Precautions,Six months,One page required for stamp,Not required for stays up to 30 days,None,5000 AUD (Australian Dollars),None
Saint Kitts and Nevis,Level 1: Exercise Normal Precautions,Must have six months validity at entry,1 page required for entry stamp,Not required for stays under 90 days,None,None,None
South Korea,Level 1: Exercise Normal Precautions,Must be valid at time of entry,One page per stamp,None required for stays under 90 days or less,None,None,None
Kuwait,Level 1: Exercise Normal Precautions,"Six months from date of arrival; emergency passports accepted with conditions as of May 1, 2018 (see further instructions below).",1 page per entry stamp,"Yes; can be obtained on arrival at Kuwait International Airport or online. Visa validity is usually 90 days, subject to Kuwait’s discretion",None for temporary visitors.  Please refer to Kuwait’s Ministry of Health website for a schedule of vaccinations required for residents of Kuwait,None,None
Lao People's Democratic Republic,Level 1: Exercise Normal Precautions,6 months from date of entry,2 (endorsement pages are not considered blank),Yes,None,"The import of local currency is not permitted. 2,500 USD or equivalent in foreign currency must be declared.","The export of local currency is no permitted. 2,500 USD or equivalent in foreign currency must be declared."
Lebanon,Level 3: Reconsider Travel,"Must be valid for ninety days following entry, with no Israeli stamps or visas",One page required for entry stamp,Yes,None,None,None
Liberia,Level 1: Exercise Normal Precautions,Valid at time of entry,One page per entry,Yes,Yellow fever,"Report more than $10,000","No more than $7,500 at one time"
Libya,Level 4: Do Not Travel,Valid at time of entry,One page per entry stamp,Yes,None,The import of local currency for both residents and non-residents is prohibited.,The export of local currency for both residents and non-residents is prohibited.
Saint Lucia,Level 1: Exercise Normal Precautions,Must have six months validity at entry,1 page required for entry stamp,"No, but see entry-exit requirements below",None,None,None
Switzerland,Level 1: Exercise Normal Precautions,At least six months beyond your planned date of departure from the Schengen area,1 page,Not required for stays of less than 90 days,No legal requirement,"No restrictions; officers may question over 10,000 Swiss Francs (CHF)","No restrictions; officers may question over 10,000 Swiss Francs (CHF)"
Sri Lanka,Level 1: Exercise Normal Precautions,Must be valid for six months from expected date of departure from Sri Lanka.,One page required for entry stamp.,Yes,Required for yellow fever if arriving from an infected area.,"Foreign currency over USD 15,000 must be declared.","If exiting with foreign currency over USD 5,000, the full amount brought in or acquired in Sri Lanka must be declared."
Lesotho,Level 1: Exercise Normal Precautions,Must be valid at time of entry; 3 months of remaining validity suggested,One page per entry stamp,Not required if stay is less than 180 days,Yellow fever if traveling from or through a yellow fever endemic country.,None,None
Lithuania,Level 1: Exercise Normal Precautions,6 months recommended,1 page per stamp,Not required for stays under 90 days,None,"10,000 Euros or equivalent","10,000 Euros or equivalent"
Luxembourg,Level 1: Exercise Normal Precautions,6 months is recommended in the Schengen area,1 page per stamp,Not required for stays less than 90 days,None,"10,000 Euros or equivalent","10,000 Euros or equivalent"
Latvia,Level 1: Exercise Normal Precautions,6 months recommended.,One page per entry stamp.,Not required for stays less than 90 days within a six month period.,None,"10,000 Euros or equivalent","10,000 Euros or equivalent"
Macau,Level 1: Exercise Normal Precautions,One month beyond the intended period of stay,One page required for entry stamp,Not required for stays under 30 days,None,None,None
Morocco,Level 2: Exercise Increased Caution,Must have at least six months of validity at time of entry,One page required for entry stamp,Not required for stays under 90 days,None,Declare large quantities at entry,Export of Moroccan currency is prohibited
France,Level 2: Exercise Increased Caution,Must be valid for at least three months beyond your planned date of departure from the Schengen area. The 12-page U.S. emergency passport is not valid for visa-free entry into France.,Must have at least one blank page for stamps,Not required for stays under 90 days,None,"10,000 Euros Max","10,000 Euros Max"
Moldova,Level 1: Exercise Normal Precautions,6 months,1 page,Not required for stays of up to 90 days within a six-month period,None,"10,000 Euros or equivalent","10,000 Euros or equivalent"
Madagascar,Level 2: Exercise Increased Caution,6 months at the time of entry,3 pages,"Yes, available upon arrival","Yellow fever, if traveling from a yellow fever endemic country within 6 months of arrival",None,None
Maldives,Level 2: Exercise Increased Caution,Must be valid Must be valid for six months from expected date of departure from Maldives.,One page required for entry stamp,Visitor visa available at the airport for stays up to 30 days,Required for yellow fever if arriving from an infected area,None,None
Mexico,Level 2: Exercise Increased Caution,Passport must be valid at time of entry,One page per stamp,"Yes, if visiting for more than 180 days",See Travelers’ Health section,"$10,000","$10,000"
Marshall Islands,Level 1: Exercise Normal Precautions,Six Months,At least one blank page,Not for U.S. citizens,Cholera (required for those travelling from an infected area),"$10,000","$10,000"
Mali,Level 4: Do Not Travel,Valid at the time of entry,1 page required for entry stamp,Yes,Yellow Fever,None,None
Malta,Level 1: Exercise Normal Precautions,Must be valid for at least three months beyond your planned date of departure from the Schengen area.,One page required for entry stamp,Not required for stays less than 90 days,None,Reciprocal to country of origin,"10,000 euros or equivalent"
Burma,Level 2: Exercise Increased Caution,6 Months,One page required for entry stamp,Yes,Yellow fever may be required if arriving from certain countries with yellow fever,"Amounts in excess of USD 10,000 must be declared upon entry","Amounts in excess of USD 10,000 must be declared upon exit"
Montenegro,Level 1: Exercise Normal Precautions,Must be valid at time of entry,One page required for entry stamp,Not required for stays under 90 days,None,"10,000 Euros (or equivalent) must be declared","10,000 Euros (or equivalent) must be declared"
Mongolia,Level 1: Exercise Normal Precautions,Six months from date of entry,One page per stamp,"Not required for stays of fewer than 90 days. For stays of more than 30 days, register with Mongolian Immigration within seven days of arrival",None,None,None
Mozambique,Level 1: Exercise Normal Precautions,6 months from entry into Mozambique,3 for visa and entry/exit stamps,Yes,Yellow Fever if endemic country recently visited (although sometimes applied more broadly to travelers from other places),"USD $5000 and 10,000 Mozambican Meticais (without declaration)","USD $5000 and 10,000 Mozambican Meticais (without declaration)"
Mauritania,Level 3: Reconsider Travel,Six months remaining validity upon entry.,One page required for entry stamp,"Yes, but can be obtained at airport on arrival.",Evidence of yellow fever vaccination required.,Local currency may not be imported.  See below,Local currency may not be exported.  See below
Montserrat,Level 1: Exercise Normal Precautions,Must be valid at time of entry,1 page required for entry stamp,None,None,None,None
Mauritius,Level 1: Exercise Normal Precautions,Duration of stay,1 page,"No, tourist visa is granted upon arrival","Yellow fever, if traveling from a country with endemic yellow fever",None,None
Malawi,Level 1: Exercise Normal Precautions,6 months,One page for entry stamp,Yes,"Yellow fever, if arriving from a yellow fever country",Must declare foreign currency,"$3,000"
Malaysia,Level 1: Exercise Normal Precautions,Six months beyond date of arrival,One blank page required for entry stamp,Not required for stays of less than 90 days,None,"$10,000 or equivalent","$10,000 or equivalent"
Namibia,Level 1: Exercise Normal Precautions,6 Months,6 Pages,"Yes, planeside visa available for tourists up to 90 days","Yellow fever, if traveling from a yellow fever endemic country",Not applicable,Not applicable
New Caledonia,Level 1: Exercise Normal Precautions,Six months,One page required for entry stamp,Not required for stays under 90 days per six months,None,"None if arriving from another EU member state. If arriving from a country outside the EU, amounts exceeding EUR 10,000 or the equivalent in another currency must be declared.","None if traveling directly to another EU member state. If travelling to a country outside the EU, amounts exceeding EUR 10,000 or the equivalent in another currency must be declared."
Niger,Level 3: Reconsider Travel,Must be valid at time of entry,Two pages are required for entry stamp,Yes,Yellow fever vaccination required,None,None
Nigeria,Level 3: Reconsider Travel,N/A,N/A,N/A,N/A,N/A,N/A
Nicaragua,Level 3: Reconsider Travel,Length of stay,One page per stamp,"No (90 days or fewer). Tourist card at airport. See Entry, Exit & Visa Requirements below","Yellow fever (in some cases, see Entry Requirements section)","Must declare $10,000 USD or more in cash",None
Netherlands,Level 2: Exercise Increased Caution,A passport must be valid for at least six months beyond planned date of departure from the Schengen area.,Two pages required for entry stamp,Not required for stays under 90 days,None,"10,000 Euros or equivalent","10,000 Euros or equivalent"
Norway,Level 1: Exercise Normal Precautions,Six months recommended,Two pages,Not required for stays under 90 days,None,"25,000 Norwegian Kroner (or equivalent), not including traveler’s checks","25,000 Norwegian Kroner (or equivalent), without prior approval"
Nepal,Level 2: Exercise Increased Caution,Must have six months remaining validity or more at time of entry,At least one blank visa page (not endorsements page) required for entry visa,Yes,No requirements,"US$5,000; no pure, unworked gold up to 50 grams of gold jewelry, or 500 grams of silver","US $5,000"
Nauru,Level 1: Exercise Normal Precautions,Three months,One page per stamp,Yes,None,Unlimited if declared on arrival,"Up to AUD $2,500; permit required for amounts exceeding AUD $2,500"
New Zealand,Level 1: Exercise Normal Precautions,Three months beyond the planned date of departure from New Zealand,One page required for entry stamp,Not required for stays of less than three months,None,"If you bring 10,000 NZD or more in cash or foreign equivalent, you will be required to complete a Border Cash Report",None
Oman,Level 1: Exercise Normal Precautions,6 months,1 page per entry stamp,Yes,Yellow fever (when coming from an area with yellow fever outbreaks),"Declare amounts over 20,000 USD","Declare amounts over 20,000 USD"
Pakistan,Level 3: Reconsider Travel,Six months beyond the date of arrival,Two blank pages are required for entry and exit stamps,Yes,"Polio vaccination within one year before travel may be required to exit Pakistan. See Entry, Exit & Visa Requirements below and our Health Abroad page for more information.",None,"Maximum $10,000"
Panama,Level 1: Exercise Normal Precautions,3 months beyond date of arrival,1 page per stamp,No,Yellow fever for passengers entering from countries with endemic yellow fever,"$10,000","$10,000"
Peru,Level 1: Exercise Normal Precautions,Must have six months validity at time of entry,One page required for entry stamp,"Free, issued at the port of entry",Yellow fever vaccination is recommended,"USD 30,000. More than USD 10,000 must be declared upon entry",Same as entry
Philippines,Level 2: Exercise Increased Caution,Must be valid at time of entry,Sufficient space for an entry visa stamp,Not required for stays under 30 days,Required for travelers from countries with yellow fever,"50,000 pesos/$10,000","50,000 pesos/$10,000"
Palau,Level 1: Exercise Normal Precautions,6 months,At least 1 page per stamp,Not for tourists visiting for one year or less,Cholera and yellow fever vaccines required for visitors from affected area,"Amounts over 10,000.00 USD must be declared","Amounts over 10,000.00 USD must be declared"
Papua New Guinea,Level 2: Exercise Increased Caution,6 months.,One blank page is required.,Available upon arrival at the international airport for stays of fewer than 60 days.,"None required. U.S. Centers for Disease Control and Prevention strongly recommends polio vaccinations, along with boosters for adults, for travel to Papua New Guinea. Vaccinations and boosters may be required for travel to Australia after extended stays in PNG.","More than PGK 10,000 must be declared.","More than PGK 10,000 must be declared."
Poland,Level 1: Exercise Normal Precautions,Six months remaining validity strongly recommended; at least three months remaining validity beyond planned departure from the Schengen area is required,None,Not required for stays under 90 days,None,"10,000 euros","10,000 euros"
North Korea,Level 4: Do Not Travel,1-3 months validity (North Korea requirement); 6 months validity (China requirement),Two pages are required for entry stamp,Yes,None,None,Not permissible to take Korean money out of the country
Portugal,Level 1: Exercise Normal Precautions,6 months beyond the intended date of departure,2 pages per stamp,Not required for stays under 90 days,None,"10,000 Euros or equivalent","10,000 Euros or equivalent"
Paraguay,Level 1: Exercise Normal Precautions,Must be valid at time of entry,One requested for entry stamp,Yes,None,None,None
French Polynesia,Level 1: Exercise Normal Precautions,Six months,One page per stamp,Not required for U.S. citizens for stays under 90 days,None,1 200 000F CFP (10 000€),1 200 000F CFP (10 000€)
Qatar,Level 1: Exercise Normal Precautions,6 months,Minimum of 2,Yes,None,None,None
Romania,Level 1: Exercise Normal Precautions,Three months beyond departure date. We recommend a minimum of six months validity after entry date,One page per stamp,Not required for stays under 90 days,None,"10,000 Euros or equivalent","10,000 Euros or equivalent"
Russian Federation,Level 2: Exercise Increased Caution,Required six months beyond intended stay,2 pages per stamp,Yes,None,"$10,000 or more must be declared","You may export up to $3,000 (or equivalent) without declaring it"
Rwanda,Level 1: Exercise Normal Precautions,6 months,1 page,Yes,Yellow Fever,None,None
Saudi Arabia,Level 2: Exercise Increased Caution,,One page required for entry stamp.,Yes,Required for certain visa classes,"More than 16,000 USD must be declared. Customs details are here.","More than 16,000 USD must be declared. Customs details are here."
Sudan,Level 4: Do Not Travel,6 months beyond date of departure from Sudan,2 pages,Yes,"Yellow fever, cholera",None,"$10,000"
Senegal,Level 2: Exercise Increased Caution,Valid at time of entry,1 page per stamp,Obtainable upon arrival,Yellow fever,None,None
Singapore,Level 1: Exercise Normal Precautions,Six months,Two page requirement for entry stamp,Not required for stays under 90 days,Yellow fever for travelers from certain countries,"20,000 Singapore Dollars","20,000 Singapore Dollars"
Solomon Islands,Level 1: Exercise Normal Precautions,Must be valid at time of entry,One page per stamp,No,None required,"Currency equivalent to 50,000 SBD or more must declared.","Currency equivalent to 50,000 SBD or more must declared."
Sierra Leone,Level 2: Exercise Increased Caution,Six months,One page per stamp,Yes,Yellow Fever,"$10,000",None
El Salvador,Level 3: Reconsider Travel,Passport must be valid at time of entry.,At least one blank page.,"No, a visa is not required. But you must purchase a tourist card for 10 USD upon arrival. The card is valid for 90 days. If your U.S. passport shows you were born in El Salvador, you do not need the tourist card.","None, check recommendation in Health Section.","Currency in excess of 10,000 USD must be declared.","Currency in excess of 10,000 USD must be declared."
Italy,Level 2: Exercise Increased Caution,Must have at least six months validity remaining beyond your planned date of departure from the Schengen area.,Two pages required for entry stamp,Not required for stays under 90 days,None,"10,000 Euros or equivalent","10,000 Euros or equivalent"
Somalia,Level 4: Do Not Travel,Duration of stay,1 page,Yes,Yellow Fever vaccination is not required but most countries that fly in and out of Somalia require proof of vaccination,None,None
Serbia,Level 2: Exercise Increased Caution,Must be valid at time of entry,One page required for entry stamp,Not required for stays under 90 days,None,"None, if under 10,000 euros","None, if under 10,000 euros"
South Sudan,Level 4: Do Not Travel,6 months,2 pages,"Yes, obtain in advance.",Yellow fever,None,None
Sao Tome and Principe,Level 1: Exercise Normal Precautions,Six months,One page per stamp,"Yes, for stays over 15 days",Yellow Fever,None,"Report required when exiting with more than 10,000 Euros (see below)"
Suriname,Level 1: Exercise Normal Precautions,Six months,One page per stamp,Yes,Yellow fever (in some cases; see Health section),None,None
Slovakia,Level 1: Exercise Normal Precautions,Six months,One page required for entry stamp,Not required for stays less than 90 days within a six-month period,None,"10,000 euros","10,000 euros"
Slovenia,Level 1: Exercise Normal Precautions,Six months recommended; at least three months beyond your planned departure from the Schengen area,One page required for entry stamp,Not required for stays under 90 days within each 180-day period,None,"10,000 euros","10,000 euros"
Sweden,Level 1: Exercise Normal Precautions,At least six months beyond the period of stay,Space for entry and exit stamps,Not required for stays under 90 days,None,"10,000 Euros (or equivalent)","10,000 Euros (or equivalent)"
Sint Maarten,Level 1: Exercise Normal Precautions,Must be valid for duration of stay.,One page required for entry stamp.,None.,Only if arriving from a country with yellow fever risk.,"Amounts exceeding USD 11,000 (or equivalent) must be declared.","Amounts exceeding USD 11,000 (or equivalent) must be declared."
Seychelles,Level 1: Exercise Normal Precautions,Duration of stay,1 blank page required,"No, visitor permits granted upon arrival with return ticket","Yellow fever, if traveling from a yellow fever endemic country","Amounts above U.S. $10,000","Amounts above U.S. $10,000"
Syria,Level 4: Do Not Travel,Must be valid at time of entry,One page required for entry stamp,Yes,None,None,None
Turks and Caicos Islands,Level 2: Exercise Increased Caution,Duration of stay,None,Only for visits over 90 days,None,"$10,000","$10,000"
Chad,Level 3: Reconsider Travel,6 months,2 pages,"Yes, obtain in advance",Yellow fever,"Declare amounts over 5 million CFA ($10,800)",
Togo,Level 1: Exercise Normal Precautions,Must be valid at time of entry,1 page,Yes,Yellow Fever,"$10,000","$10,000"
Thailand,Level 1: Exercise Normal Precautions,6 months from date of entry recommended,1 page per stamp,"No, if your stay is less than 30 days",Yellow fever may be required if arriving from certain countries with yellow fever,None,None
Tajikistan,Level 2: Exercise Increased Caution,Six months,One page per entry stamp,Yes,None,None,"$3,000 USD"
Turkmenistan,Level 1: Exercise Normal Precautions,"6 months. Because dual citizenship is not recognized, dual nationals are often denied departure from the country.",One page per entry stamp,Yes,None,None,"$3,000"
Timor-Leste,Level 1: Exercise Normal Precautions,Six months,One page required for entry stamp,Yes,None,None,None
Tonga,Level 1: Exercise Normal Precautions,Six months,One page required for entry stamp,Not required for stays up to 31 days,None,"Tongan Pa’anga (TOP) $10,000","Maximum remittance of TOP $10,000 via bank/financial institution. Approval required for higher amounts"
Trinidad and Tobago,Level 2: Exercise Increased Caution,,1 page per entry stamp.,,Routine vaccinations required.,,
Tunisia,Level 2: Exercise Increased Caution,6 months validity after date of arrival,One page required for entry stamp,Not required for stays under 90 days,None,"Import of Tunisian currency is prohibited. Visitors must declare cash brought into Tunisia in excess of TND 10,000 (or foreign currency equivalent). They must declare amounts above TND 5,000 if they wish to export that amount upon departure.","Export of Tunisian currency is prohibited. Up to TND 3,000 may be re-exchanged into foreign currency upon departure from Tunisia with the original exchange receipt. Visitors may only export up to TND 5,000 (or foreign currency equivalent) if that amount was declared upon arrival."
Turkey,Level 3: Reconsider Travel,Six months beyond date of entry,One page for entry and exit stamps,Yes,None,None,"25,000 Turkish lira or 10,000 euros (or equivalent)"
Tuvalu,Level 1: Exercise Normal Precautions,6 months,1 page per stamp,Available upon arrival,None,AUD $3000,AUD $3000
Tanzania,Level 2: Exercise Increased Caution,6 months,1 page,Yes,Yellow fever required if traveling from a yellow fever endemic country,"Travelers are required to declare international currency valuing more than $10,000 on both entrance and exit from Tanzania. Non-residents (except Kenyans and Ugandans) may not import or export Tanzanian Shillings (TZS)",Non-residents (except Kenyans and Ugandans) may not import or export Tanzanian Shillings (TZS)
Uganda,Level 2: Exercise Increased Caution,6 months,One page for entry stamp,Yes,Yellow Fever; Polio (for children under 5),None,None
Ukraine,Level 2: Exercise Increased Caution,Must be valid at time of entry and exit,One page required for entry stamp,Not required for tourism stays of less than 90 days within a 180-day period,None,"Anything over €10,000 or foreign currency equivalent must be declared in writing",Same as restrictions for entry
Uruguay,Level 1: Exercise Normal Precautions,Must be valid at time of entry,One page required for entry stamp,"No, for stays less than 90 days. A visa is required when traveling on a diplomatic or official passport",None,"$10,000.00; any amount greater must be declared with Uruguay’s customs authorities","$10,000.00; any amount greater must be declared with Uruguay’s customs authorities"
Uzbekistan,Level 1: Exercise Normal Precautions,Must be valid at time of entry,One page required for entry stamp,Yes,None required. Vaccinations recommended by the U.S. Centers for Disease Control and Prevention,None,"The amount of U.S. dollars or any foreign currency may not exceed the total declared by the traveler upon entry. If it does, the traveler must present bank documents showing the source of the additional currency"
Italy,Level 2: Exercise Increased Caution,Must have at least six months validity remaining beyond your planned date of departure from the Schengen area.,Two pages required for entry stamp,Not required for stays under 90 days,None,"10,000 Euros or equivalent","10,000 Euros or equivalent"
Saint Vincent and the Grenadines,Level 1: Exercise Normal Precautions,Must be valid at time of entry,1 page required for entry stamp,None,None,None,None
Venezuela,Level 4: Do Not Travel,6 months.,One page required for entry stamp.,"You must get a Venezuelan visa before traveling to Venezuela. Visas are not available upon arrival. If you are a dual national, you must have a valid Venezuelan passport in your possession to enter and depart Venezuela.",See Entry Information below.,"USD 10,000 (or equivalent) or more must be declared.","USD 10,000 (or equivalent) or more must be declared."
British Virgin Islands,Level 1: Exercise Normal Precautions,Must be valid at time of entry,1 page required for entry stamp,Not required for stays up to one month,None,None,None
Vietnam,Level 1: Exercise Normal Precautions,Must have six months’ validity remaining,One visa page required for entry stamp,Yes,Not required,"None. However, Vietnamese Dong in excess of VND 150,000,000 or foreign currency in excess of 5,000 U.S. dollars or equivalent must be declared.","None. However, Vietnamese Dong in excess of VND 150,000,000 or foreign currency in excess of 5,000 U.S. dollars or equivalent must be declared."
Vanuatu,Level 1: Exercise Normal Precautions,6months,1 page per stamp,Not required for stays under 30 days,None,"Amounts over VUV 1,000,000 (USD 10,000) in local or foreign currency equivalent must be declared.","Amounts over VUV 1,000,000 (USD 10,000) in local or foreign currency equivalent must be declared."
Samoa,Level 1: Exercise Normal Precautions,Must be valid at the time of entry,One page requirement for entry stamp,Not required for stays under 90 days,None,None,None
Yemen,Level 4: Do Not Travel,Must be valid for six months at time of entry.,One page is required for entry stamp,Yes. Must be obtained at Yemeni embassies and consulates abroad.,None required.,UNKNOWN,UNKNOWN
South Africa,Level 2: Exercise Increased Caution,30 days,2 consecutive empty visa pages per entry,"No, if visiting 90 days or less",Yellow fever at least 10 days before arrival is required for travelers originating from or transiting through WHO-designated yellow fever countries,"ZAR 25,000; Foreign currency unlimited if declared; No Kruger coins.","ZAR 25,000; Foreign currency unlimited if amount was declared on entry; Up to 15 Kruger coins if proof purchased with foreign currency"
Zambia,Level 1: Exercise Normal Precautions,6 months,3 blank pages per entry for Zambia,Yes,"Yellow fever, if entering from a yellow fever endemic country",None,None
Zimbabwe,Level 2: Exercise Increased Caution,Recommend 6 months.,Recommend 2 blanks pages.,"Yes, to be obtained at port of entry.",Yellow fever. See below.,None.,"1,000 USD, more if declared/documented upon entry. See below."
Brunei,Level 1: Exercise Normal Precautions,6 months beyond arrival date,"One page required for entry stamp, six blank visa pages",Not required for stays under 90 days,None required,"BND 15,000","BND 15,000"
French West Indies,Level 1: Exercise Normal Precautions,Must have six months validity at entry,1 page required for entry stamp,Not required for stays under 90 days,None,"€10,000 maximum or USD equivalent","€10,000 maximum or USD equivalent"
Kosovo,Level 2: Exercise Increased Caution,Must be valid at time of entry,One page required for entry stamp,Not required for visits less than 90 days in a six-month period,None,"10,000 euros or more in cash must be declared","10,000 euros or more in cash must be declared"
"Israel, the West Bank and Gaza",Level 2: Exercise Increased Caution,"No minimum requirement, but your authorized stay will not exceed the validity remaining of your passport and airlines may decline boarding if a traveler has less than six months validity on his or her passport",1 page (although passports are normally not stamped upon entry),"Not required for stays of 90 days or less. Please see below for detailed information about entry, exit and visa requirements",None,"You must declare if you are carrying 50,000 shekels or more when entering or exiting Israel by air and 12,000 shekels if entering or exiting by land","You must declare if you are carrying 50,000 shekels or more when entering or exiting Israel by air and 12,000 shekels if entering or exiting by land"
"Israel, the West Bank and Gaza",Level 2: Exercise Increased Caution,"No minimum requirement, but your authorized stay will not exceed the validity remaining of your passport and airlines may decline boarding if a traveler has less than six months validity on his or her passport",1 page (although passports are normally not stamped upon entry),"Not required for stays of 90 days or less. Please see below for detailed information about entry, exit and visa requirements",None,"You must declare if you are carrying 50,000 shekels or more when entering or exiting Israel by air and 12,000 shekels if entering or exiting by land","You must declare if you are carrying 50,000 shekels or more when entering or exiting Israel by air and 12,000 shekels if entering or exiting by land"
Kazakhstan,Level 1: Exercise Normal Precautions,Must be valid for three months at time of entry,None,Those staying longer than 30 days or engaging in employment or missionary activities require a visa.,None,,
Democratic Republic of the Congo (D.R.C.),Level 3: Reconsider Travel,6 months,1 page,"Yes, obtain in advance",Yellow fever,"5 million CDF ($5,400)",Illegal to export CDF
Cameroon,Level 2: Exercise Increased Caution,Six months,One page per stamp,Yes,Yellow fever,None,"While there are no official restrictions, travelers are required to make a declaration when they are exiting with XAF 3,000,000 or more."
Taiwan,Level 1: Exercise Normal Precautions,Valid throughout duration of stay,1 page per entry/exit stamp,Not required for stay of less than 90 days,None required. Taiwan’s Centers for Disease Control and Prevention (CDC) recommends travelers to Taiwan be vaccinated against Hepatitis A. Vaccination information can be found here.,"Declare cash amounts over 100,000 New Taiwan Dollars (TWD), foreign currencies over 10,000 USD, or over 20,000 Chinese Yuan (RMB). Customs details are here.","Declare cash amounts over 100,000 New Taiwan Dollars (TWD), foreign currencies over 10,000 USD, or over 20,000 Chinese Yuan (RMB). Customs details are here."
